Age,Year,Type of Registration,Count
All ages  ,1986,Within Marriage,519673
19 and under,1986,Within Marriage,17793
20 - 24,1986,Within Marriage,137985
25 - 29,1986,Within Marriage,201323
30 - 34,1986,Within Marriage,116369
35-39,1986,Within Marriage,39753
40 - 44,1986,Within Marriage,5959
45 - 49,1986,Within Marriage,491
All ages  ,1986,All,661018
19 and under,1986,All,57406
20 - 24,1986,All,192064
25 - 29,1986,All,229035
30 - 34,1986,All,129487
35-39,1986,All,45465
40 - 44,1986,All,7033
45 - 49,1986,All,528
All ages  ,1986,Joint Registrations different address,27679
19 and under,1986,Joint Registrations different address,10326
20 - 24,1986,Joint Registrations different address,10397
25 - 29,1986,Joint Registrations different address,4166
30 - 34,1986,Joint Registrations different address,1790
35-39,1986,Joint Registrations different address,
40 - 44,1986,Joint Registrations different address,
45 - 49,1986,Joint Registrations different address,
All ages  ,1986,Joint Registrations same address,65844
19 and under,1986,Joint Registrations same address,12908
20 - 24,1986,Joint Registrations same address,25760
25 - 29,1986,Joint Registrations same address,15300
30 - 34,1986,Joint Registrations same address,7849
35-39,1986,Joint Registrations same address,4233
40 - 44,1986,Joint Registrations same address,768
45 - 49,1986,Joint Registrations same address,26
All ages  ,1986,Sole Registrations,47822
19 and under,1986,Sole Registrations,16379
20 - 24,1986,Sole Registrations,17922
25 - 29,1986,Sole Registrations,8246
30 - 34,1986,Sole Registrations,3479
35-39,1986,Sole Registrations,1479
40 - 44,1986,Sole Registrations,306
45 - 49,1986,Sole Registrations,11
All ages  ,1996,All,649485
19 and under,1996,All,44667
20 - 24,1996,All,125732
25 - 29,1996,All,211103
30 - 34,1996,All,186377
35-39,1996,All,69503
40 - 44,1996,All,11516
45 - 49,1996,All,587
All ages  ,1996,Joint Registrations different address,46365
19 and under,1996,Joint Registrations different address,10946
20 - 24,1996,Joint Registrations different address,14858
25 - 29,1996,Joint Registrations different address,10599
30 - 34,1996,Joint Registrations different address,6626
35-39,1996,Joint Registrations different address,
40 - 44,1996,Joint Registrations different address,
45 - 49,1996,Joint Registrations different address,
All ages  ,1996,Joint Registrations same address,135282
19 and under,1996,Joint Registrations same address,15410
20 - 24,1996,Joint Registrations same address,39978
25 - 29,1996,Joint Registrations same address,40384
30 - 34,1996,Joint Registrations same address,26875
35-39,1996,Joint Registrations same address,13347
40 - 44,1996,Joint Registrations same address,2517
45 - 49,1996,Joint Registrations same address,107
All ages  ,1996,Sole Registrations,51016
19 and under,1996,Sole Registrations,12946
20 - 24,1996,Sole Registrations,16245
25 - 29,1996,Sole Registrations,11350
30 - 34,1996,Sole Registrations,6978
35-39,1996,Sole Registrations,2891
40 - 44,1996,Sole Registrations,578
45 - 49,1996,Sole Registrations,28
All ages  ,1996,Within Marriage or Civil Partnership,416822
19 and under,1996,Within Marriage or Civil Partnership,5365
20 - 24,1996,Within Marriage or Civil Partnership,54651
25 - 29,1996,Within Marriage or Civil Partnership,148770
30 - 34,1996,Within Marriage or Civil Partnership,145898
35-39,1996,Within Marriage or Civil Partnership,53265
40 - 44,1996,Within Marriage or Civil Partnership,8421
45 - 49,1996,Within Marriage or Civil Partnership,452
All ages  ,2006,All,669601
19 and under,2006,All,45509
20 - 24,2006,All,127828
25 - 29,2006,All,172642
30 - 34,2006,All,189407
35-39,2006,All,110509
40 - 44,2006,All,22512
45 - 49,2006,All,1194
All ages  ,2006,Joint Registrations different address,60460
19 and under,2006,Joint Registrations different address,14870
20 - 24,2006,Joint Registrations different address,20755
25 - 29,2006,Joint Registrations different address,11651
30 - 34,2006,Joint Registrations different address,7159
35-39,2006,Joint Registrations different address,4578
40 - 44,2006,Joint Registrations different address,1375
45 - 49,2006,Joint Registrations different address,72
All ages  ,2006,Joint Registrations same address,185461
19 and under,2006,Joint Registrations same address,17061
20 - 24,2006,Joint Registrations same address,52162
25 - 29,2006,Joint Registrations same address,48474
30 - 34,2006,Joint Registrations same address,38133
35-39,2006,Joint Registrations same address,23897
40 - 44,2006,Joint Registrations same address,5469
45 - 49,2006,Joint Registrations same address,265
All ages  ,2006,Sole Registrations,45455
19 and under,2006,Sole Registrations,10379
20 - 24,2006,Sole Registrations,14785
25 - 29,2006,Sole Registrations,9169
30 - 34,2006,Sole Registrations,6119
35-39,2006,Sole Registrations,3765
40 - 44,2006,Sole Registrations,1157
45 - 49,2006,Sole Registrations,81
All ages  ,2006,Within Marriage or Civil Partnership,378225
19 and under,2006,Within Marriage or Civil Partnership,3199
20 - 24,2006,Within Marriage or Civil Partnership,40126
25 - 29,2006,Within Marriage or Civil Partnership,103348
30 - 34,2006,Within Marriage or Civil Partnership,137996
35-39,2006,Within Marriage or Civil Partnership,78269
40 - 44,2006,Within Marriage or Civil Partnership,14511
45 - 49,2006,Within Marriage or Civil Partnership,776
All ages  ,2016,All,696271
19 and under,2016,All,22465
20 - 24,2016,All,102607
25 - 29,2016,All,196132
30 - 34,2016,All,220129
35-39,2016,All,125205
40 - 44,2016,All,27447
45 - 49,2016,All,2286
All ages  ,2016,Joint Registrations different address,71917
19 and under,2016,Joint Registrations different address,7969
20 - 24,2016,Joint Registrations different address,22445
25 - 29,2016,Joint Registrations different address,20650
30 - 34,2016,Joint Registrations different address,12542
35-39,2016,Joint Registrations different address,6352
40 - 44,2016,Joint Registrations different address,1832
45 - 49,2016,Joint Registrations different address,127
All ages  ,2016,Joint Registrations same address,223711
19 and under,2016,Joint Registrations same address,8815
20 - 24,2016,Joint Registrations same address,50321
25 - 29,2016,Joint Registrations same address,71897
30 - 34,2016,Joint Registrations same address,54122
35-39,2016,Joint Registrations same address,30476
40 - 44,2016,Joint Registrations same address,7518
45 - 49,2016,Joint Registrations same address,562
All ages  ,2016,Sole Registrations,36122
19 and under,2016,Sole Registrations,4592
20 - 24,2016,Sole Registrations,9632
25 - 29,2016,Sole Registrations,9467
30 - 34,2016,Sole Registrations,6783
35-39,2016,Sole Registrations,4146
40 - 44,2016,Sole Registrations,1309
45 - 49,2016,Sole Registrations,193
All ages  ,2016,Within Marriage or Civil Partnership,364521
19 and under,2016,Within Marriage or Civil Partnership,1089
20 - 24,2016,Within Marriage or Civil Partnership,20209
25 - 29,2016,Within Marriage or Civil Partnership,94118
30 - 34,2016,Within Marriage or Civil Partnership,146682
35-39,2016,Within Marriage or Civil Partnership,84231
40 - 44,2016,Within Marriage or Civil Partnership,16788
45 - 49,2016,Within Marriage or Civil Partnership,1404
All ages  ,2020,All,613936
19 and under,2020,All,15940
20 - 24,2020,All,79626
25 - 29,2020,All,164765
30 - 34,2020,All,205675
35-39,2020,All,118426
40 - 44,2020,All,27073
45 - 49,2020,All,2339
All ages  ,2020,Joint Registrations different address,64027
19 and under,2020,Joint Registrations different address,5360
20 - 24,2020,Joint Registrations different address,17552
25 - 29,2020,Joint Registrations different address,18715
30 - 34,2020,Joint Registrations different address,13494
35-39,2020,Joint Registrations different address,6840
40 - 44,2020,Joint Registrations different address,1881
45 - 49,2020,Joint Registrations different address,164
All ages  ,2020,Joint Registrations same address,204576
19 and under,2020,Joint Registrations same address,6228
20 - 24,2020,Joint Registrations same address,38403
25 - 29,2020,Joint Registrations same address,65276
30 - 34,2020,Joint Registrations same address,56063
35-39,2020,Joint Registrations same address,30234
40 - 44,2020,Joint Registrations same address,7786
45 - 49,2020,Joint Registrations same address,570
All ages  ,2020,Sole Registrations,31963
19 and under,2020,Sole Registrations,3649
20 - 24,2020,Sole Registrations,7969
25 - 29,2020,Sole Registrations,8068
30 - 34,2020,Sole Registrations,6690
35-39,2020,Sole Registrations,4018
40 - 44,2020,Sole Registrations,1335
45 - 49,2020,Sole Registrations,209
All ages  ,2020,Within Marriage or Civil Partnership,313370
19 and under,2020,Within Marriage or Civil Partnership,703
20 - 24,2020,Within Marriage or Civil Partnership,15702
25 - 29,2020,Within Marriage or Civil Partnership,72706
30 - 34,2020,Within Marriage or Civil Partnership,129428
35-39,2020,Within Marriage or Civil Partnership,77334
40 - 44,2020,Within Marriage or Civil Partnership,16071
45 - 49,2020,Within Marriage or Civil Partnership,1396